{"train_lr": 1.9999999949504854e-06, "train_loss": 0.3242112994194031, "train_grad_norm": 223.0, "train_f": {"detection": {"f1": 0.3140215053763441, "prec": 0.18885885380964082, "rec": 0.9310718612510361, "acc": 0.9641145048623476}, "miscellaneous": {"f1": 0.3134103465595178, "prec": 0.19366852886405958, "rec": 0.8210526315789474}, "inflammatory": {"f1": 0.34305237047783965, "prec": 0.21304423647038306, "rec": 0.8801633045148896}, "epithelial": {"f1": 0.2241386707856009, "prec": 0.1273090607788663, "rec": 0.9362007168458781}, "spindleshaped": {"f1": 0.4051337431467021, "prec": 0.2710498527205024, "rec": 0.8017425612362321}, "dice": 0.9364588601248605, "mse": 0.007231797328651217}, "val_loss": 0.5363847613334656, "val_f": {"detection": {"f1": 0.4355528773727026, "prec": 0.29602326248105826, "rec": 0.8238914852388008, "acc": 0.8725788599889319}, "miscellaneous": {"f1": 0.24618320610687022, "prec": 0.3543956043956044, "rec": 0.18859649122807018}, "inflammatory": {"f1": 0.390220207253886, "prec": 0.28601946356515545, "rec": 0.6138563423331636}, "epithelial": {"f1": 0.30945434900054025, "prec": 0.18842105263157893, "rec": 0.8652567975830816}, "spindleshaped": {"f1": 0.4536459453645945, "prec": 0.3792483366301025, "rec": 0.5643564356435643}, "dice": 0.9049887657165527, "mse": 0.007723639236896166}, "_timestamp": 1740158380.9685695, "_runtime": 16215.790632486343, "_step": 99, "_wandb": {"runtime": 16215}}