{"inference_samples": 15, "_timestamp": 1744800404.773589, "_runtime": 48.10004281997681, "_step": 0, "_wandb": {"runtime": 47}}