{"train_lr": 2.0000000000000003e-06, "train_loss": 0.350112933665514, "train_grad_norm": 223.0, "val_loss": 0.5193561507122857, "val_f": {"detection": {"f1": 0.7077040233532174, "prec": 0.7982820329277022, "rec": 0.6355864584520688, "acc": 0.8850430416068866}, "miscellaneous": {"f1": 0.29531812725090034, "prec": 0.7834394904458599, "rec": 0.1819526627218935}, "inflammatory": {"f1": 0.6518607442977191, "prec": 0.744345442083619, "rec": 0.5798184730379071}, "epithelial": {"f1": 0.6140522875816994, "prec": 0.664192294096854, "rec": 0.5709510786994835}, "spindleshaped": {"f1": 0.5468541820873427, "prec": 0.5806350204338259, "rec": 0.516787912702854}, "dice": 0.9081955637250628, "mse": 0.00496547674161515, "hn_dice": 0.7690035172779047}, "_timestamp": 1743004944.420437, "_runtime": 10171.174547195435, "_step": 99, "train_f": {"detection": {"f1": 0.72395051848888, "prec": 0.7984701382759635, "rec": 0.6621530954559317, "acc": 0.9188467207074429}, "miscellaneous": {"f1": 0.4903417533432392, "prec": 0.6066176470588235, "rec": 0.4114713216957606}, "inflammatory": {"f1": 0.6978755883475385, "prec": 0.7992424242424242, "rec": 0.6193271618875593}, "epithelial": {"f1": 0.6150529908388719, "prec": 0.6543091916682591, "rec": 0.580240637180139}, "spindleshaped": {"f1": 0.6028961522548614, "prec": 0.6575812274368231, "rec": 0.5566080977845683}, "dice": 0.9312242099217006, "mse": 0.0047138049495905375, "hn_dice": 0.7697108584349497}, "_wandb": {"runtime": 10170}}