{"train_lr": 2.4999999999999994e-05, "train_loss": 0.4446896899629522, "train_grad_norm": 223.0, "train_f": {"detection": {"f1": 0.1970990917717229, "prec": 0.14100468260785237, "rec": 0.3273089786467713, "acc": 0.4951856946354883}, "miscellaneous": {"f1": 0.01403061224489796, "prec": 0.00974313551815766, "rec": 0.025056947608200455}, "inflammatory": {"f1": 0.0903059026281775, "prec": 0.07856071964017991, "rec": 0.10618034447821682}, "epithelial": {"f1": 0.09896812305803829, "prec": 0.06466165413533835, "rec": 0.210818761235496}, "spindleshaped": {"f1": 0.07927003136583975, "prec": 0.06369718632572634, "rec": 0.10492149758454106}, "dice": 0.9338064900151005, "mse": 0.0069045954194195845}, "val_loss": 0.5379799753427505, "val_f": {"detection": {"f1": 0.17598266016422826, "prec": 0.13871730845051913, "rec": 0.2406246437934572, "acc": 0.5665561345333965}, "miscellaneous": {"f1": 0.020227560050568902, "prec": 0.05755395683453238, "rec": 0.012269938650306749}, "inflammatory": {"f1": 0.07462959575635632, "prec": 0.05672969966629588, "rec": 0.10903260288615714}, "epithelial": {"f1": 0.1151237396883593, "prec": 0.08431793770139635, "rec": 0.18139803581744657}, "spindleshaped": {"f1": 0.08228360106321507, "prec": 0.07191919191919192, "rec": 0.09613826627059141}, "dice": 0.893153463091169, "mse": 0.007775373174808919}, "_timestamp": 1740051645.7988675, "_runtime": 55708.05771446228, "_step": 99, "_wandb": {"runtime": 55707}}