{"test_f": {"detection": {"f1": 0.5142681804234428, "prec": 0.3875368518411469, "rec": 0.7641627721417987, "acc": 0.8400954653937948}, "miscellaneous": {"f1": 0.037641154328732745, "prec": 0.625, "rec": 0.019404915912031046}, "inflammatory": {"f1": 0.4460565476190476, "prec": 0.3376513658124472, "rec": 0.656986301369863}, "epithelial": {"f1": 0.37980869929484046, "prec": 0.24736267733721354, "rec": 0.8175533513675984}, "spindleshaped": {"f1": 0.4398963730569948, "prec": 0.4468421052631579, "rec": 0.4331632653061224}, "dice": 0.8983209473746163, "mse": 0.007332260038570634, "hn_dice": 0.7208243539748909, "bPQ": 0.14995342081795832, "bDQ": 0.22854293594336147, "bSQ": 0.6507408546804383, "mPQ": 0.10408405552144169, "pq_miscellaneous": 0.003912786571779857, "pq_inflammatory": 0.1931455458472439, "pq_epithelial": 0.05524054290169891, "pq_spindleshaped": 0.1640373467650441}, "_timestamp": 1740134093.313935, "_runtime": 395.11725902557373, "_step": 0, "_wandb": {"runtime": 394}}