{"test_f": {"detection": {"f1": 0.6283457656867047, "prec": 0.5060070671378092, "rec": 0.8287037037037037, "acc": 0.8896648044692738}, "miscellaneous": {"f1": 0.0, "prec": 0.0, "rec": 0.0}, "inflammatory": {"f1": 0.3941176470588235, "prec": 0.2518796992481203, "rec": 0.9054054054054054}, "epithelial": {"f1": 0.47309136420525655, "prec": 0.32869565217391306, "rec": 0.84375}, "spindleshaped": {"f1": 0.5870570107858244, "prec": 0.5834609494640123, "rec": 0.5906976744186047}, "dice": 0.9000816345214844, "mse": 0.009319085627794266, "hn_dice": 0.7257166480025955, "bPQ": 0.15178163078149912, "bDQ": 0.23168056164984643, "bSQ": 0.6551332131648417, "mPQ": 0.09967601469036097, "pq_miscellaneous": 0.0, "pq_inflammatory": 0.16960064114056295, "pq_epithelial": 0.03508433414278737, "pq_spindleshaped": 0.1940190834780936}, "_timestamp": 1740133499.2769194, "_runtime": 36.69789528846741, "_step": 0, "_wandb": {"runtime": 36}}