{"test_f": {"detection": {"f1": 0.7188348555912121, "prec": 0.7837437760732069, "rec": 0.6638550096888179, "acc": 0.8858173076923077}, "miscellaneous": {"f1": 0.44298245614035087, "prec": 0.7622641509433963, "rec": 0.312210200927357}, "inflammatory": {"f1": 0.6303360581289736, "prec": 0.770540340488527, "rec": 0.5332991803278688}, "epithelial": {"f1": 0.6195445920303605, "prec": 0.6480317565332451, "rec": 0.59345652832475}, "spindleshaped": {"f1": 0.559542530378842, "prec": 0.5660977726352329, "rec": 0.5531373657433578}, "dice": 0.9096600668770927, "mse": 0.0050248729863337106, "hn_dice": 0.7742432220222811, "bPQ": 0.3427964890265682, "bDQ": 0.4977188213773648, "bSQ": 0.6864557279749377, "mPQ": 0.30080947108046, "pq_miscellaneous": 0.13864577532664749, "pq_inflammatory": 0.500529590947328, "pq_epithelial": 0.30234041520755905, "pq_spindleshaped": 0.26172210284030567}, "_timestamp": 1743076099.1403916, "_runtime": 285.24714159965515, "_step": 0, "_wandb": {"runtime": 284}}