{"train_lr": 0.0002, "train_loss": 0.19784235395491123, "train_grad_norm": 223.0, "train_f": {"detection": {"f1": 0.18902966391017373, "prec": 0.12389362929371284, "rec": 0.3985794727412337, "acc": 0.6569272756461711}, "miscellaneous": {"f1": 0.019184652278177457, "prec": 0.014669926650366748, "rec": 0.02771362586605081}, "inflammatory": {"f1": 0.1872749099639856, "prec": 0.13671512527064647, "rec": 0.2971761541909458}, "epithelial": {"f1": 0.10866305225516207, "prec": 0.06588564434341668, "rec": 0.30981746423285644}, "spindleshaped": {"f1": 0.08660594295953412, "prec": 0.06540369869192603, "rec": 0.12814847547503314}, "dice": 0.9377789837973458, "mse": 0.005813190106502069}, "val_loss": 0.5662886585508075, "val_f": {"detection": {"f1": 0.1673958093483767, "prec": 0.12617876771767428, "rec": 0.24860367035221703, "acc": 0.6139385602934434}, "miscellaneous": {"f1": 0.005856515373352855, "prec": 0.08333333333333333, "rec": 0.0030349013657056147}, "inflammatory": {"f1": 0.04456396465616596, "prec": 0.034107615407233165, "rec": 0.06426592797783934}, "epithelial": {"f1": 0.13137772834700404, "prec": 0.08600291226792865, "rec": 0.27810476751030017}, "spindleshaped": {"f1": 0.0739252711932503, "prec": 0.07431340872374798, "rec": 0.07354116706634692}, "dice": 0.8983330726623535, "mse": 0.00733239742528115}, "_timestamp": 1740109871.1762135, "_runtime": 15285.7214884758, "_step": 99, "_wandb": {"runtime": 15284}}