{"train_lr": 0.0002, "train_loss": 0.7454322949051857, "train_grad_norm": 223.0, "train_f": {"detection": {"f1": 0.103337158411614, "prec": 0.05451032560496642, "rec": 0.9911057077041208, "acc": 0.7114080960681775}, "miscellaneous": {"f1": 0.001215066828675577, "prec": 0.0006128370603832108, "rec": 0.07020057306590258}, "inflammatory": {"f1": 0.09682401128046733, "prec": 0.05551278102864182, "rec": 0.3784776902887139}, "epithelial": {"f1": 0.08574349732268183, "prec": 0.04526989935956084, "rec": 0.8092901537455022}, "spindleshaped": {"f1": 0.11355176624637703, "prec": 0.06389284413391172, "rec": 0.509708096684718}, "dice": 0.7687504632132394, "mse": 0.05883872602134943}, "val_loss": 0.8753745044980731, "val_f": {"detection": {"f1": 0.12457876475659194, "prec": 0.0664422287746603, "rec": 0.996580417189103, "acc": 0.6692210911586411}, "miscellaneous": {"f1": 0.0027717166951701363, "prec": 0.0014310507566300276, "rec": 0.04388422035480859}, "inflammatory": {"f1": 0.09743715712765086, "prec": 0.05326768128916741, "rec": 0.5704697986577181}, "epithelial": {"f1": 0.09081658997372698, "prec": 0.0479051510053673, "rec": 0.8712121212121212}, "spindleshaped": {"f1": 0.14791875398488022, "prec": 0.09619713304110887, "rec": 0.3199369582348306}, "dice": 0.6879492487226214, "mse": 0.10160619871956962}, "_timestamp": 1740140243.2214866, "_runtime": 4199.944595575333, "_step": 11}