{"inference_samples": 15, "_timestamp": 1744799887.3215516, "_runtime": 47.534921646118164, "_step": 0, "_wandb": {"runtime": 46}}