{"train_lr": 1.9999999949504854e-06, "train_loss": 0.32557040452957153, "train_grad_norm": 223.0, "train_f": {"detection": {"f1": 0.7480806998750223, "prec": 0.850105502353514, "rec": 0.6679206784416247, "acc": 0.9369928400954654}, "miscellaneous": {"f1": 0.6, "prec": 0.7442748091603053, "rec": 0.5025773195876289}, "inflammatory": {"f1": 0.742924838752139, "prec": 0.8383838383838383, "rec": 0.6669818009926731}, "epithelial": {"f1": 0.6672575086164451, "prec": 0.7475728155339806, "rec": 0.6025253423439445}, "spindleshaped": {"f1": 0.6243705941591138, "prec": 0.7071754458730817, "rec": 0.5589247664317325}, "dice": 0.9329528127397809, "mse": 0.0043472251958779195}, "val_loss": 0.5199761390686035, "val_f": {"detection": {"f1": 0.7144676515537443, "prec": 0.8094070119751839, "rec": 0.6394619856377521, "acc": 0.8868092691622104}, "miscellaneous": {"f1": 0.33980582524271846, "prec": 0.8588957055214724, "rec": 0.2118003025718608}, "inflammatory": {"f1": 0.6588096641131408, "prec": 0.720360824742268, "rec": 0.6069489685124865}, "epithelial": {"f1": 0.6091515729265967, "prec": 0.6375124709012304, "rec": 0.5832065713416489}, "spindleshaped": {"f1": 0.5571030640668524, "prec": 0.6329113924050633, "rec": 0.4975124378109453}, "dice": 0.9048982347760882, "mse": 0.00495281966868788}, "_timestamp": 1740353384.823952, "_runtime": 10092.123862028122, "_step": 99, "_wandb": {"runtime": 10091}}