{"test_f": {"detection": {"f1": 0.7077040233532174, "prec": 0.7982820329277022, "rec": 0.6355864584520688, "acc": 0.8850430416068866}, "miscellaneous": {"f1": 0.29531812725090034, "prec": 0.7834394904458599, "rec": 0.1819526627218935}, "inflammatory": {"f1": 0.6518607442977191, "prec": 0.744345442083619, "rec": 0.5798184730379071}, "epithelial": {"f1": 0.6140522875816994, "prec": 0.664192294096854, "rec": 0.5709510786994835}, "spindleshaped": {"f1": 0.5468541820873427, "prec": 0.5806350204338259, "rec": 0.516787912702854}, "dice": 0.9081955637250628, "mse": 0.00496547674161515}, "_timestamp": 1743075221.435715, "_runtime": 119.19181299209595, "_step": 0, "_wandb": {"runtime": 118}}