{"train_lr": 2.0000000000000003e-06, "train_loss": 0.350112933665514, "train_grad_norm": 223.0, "val_loss": 0.5193561507122857, "val_f": {"detection": {"f1": 0.7077040233083066, "prec": 0.798282032813417, "rec": 0.6355864583796208, "acc": 0.8850430414481629}, "miscellaneous": {"f1": 0.2953181268963768, "prec": 0.7834394854557994, "rec": 0.18195266245273276}, "inflammatory": {"f1": 0.6518607441020826, "prec": 0.7443454415734437, "rec": 0.5798184727283403}, "epithelial": {"f1": 0.614052287481364, "prec": 0.6641922938620741, "rec": 0.5709510785259948}, "spindleshaped": {"f1": 0.5468541820063872, "prec": 0.5806350202512937, "rec": 0.5167879125582574}, "dice": 0.9081955637250628, "mse": 0.00496547674161515, "hn_dice": 0.7690035172753596}, "_timestamp": 1743025657.5824451, "_runtime": 7987.87402009964, "_step": 99, "_wandb": {"runtime": 7987}}