{"train_lr": 0.00019999999494757503, "train_loss": 0.4668445587158203, "train_grad_norm": 223.0, "train_f": {"detection": {"f1": 0.25413598819337424, "prec": 0.14666465893690708, "rec": 0.9509977421126503, "acc": 0.9220354209445585}, "miscellaneous": {"f1": 0.11639118457300275, "prec": 0.06365348399246705, "rec": 0.678714859437751}, "inflammatory": {"f1": 0.2652032462192986, "prec": 0.15544193453752986, "rec": 0.9024330900243309}, "epithelial": {"f1": 0.186217659137577, "prec": 0.1036728124085455, "rec": 0.9137514106077704}, "spindleshaped": {"f1": 0.30599296492323874, "prec": 0.19696969696969696, "rec": 0.6853188042998085}, "dice": 0.9268780095236642, "mse": 0.009284889845210793}, "val_loss": 0.58278888463974, "val_f": {"detection": {"f1": 0.32620396888266, "prec": 0.19846762234305487, "rec": 0.9153083323834492, "acc": 0.8298879202988793}, "miscellaneous": {"f1": 0.29006181645268664, "prec": 0.2221412964311726, "rec": 0.4178082191780822}, "inflammatory": {"f1": 0.26820434616850936, "prec": 0.16264015720725927, "rec": 0.7642585551330798}, "epithelial": {"f1": 0.20901013466611135, "prec": 0.11809695638531534, "rec": 0.908021712907117}, "spindleshaped": {"f1": 0.36768327334722484, "prec": 0.307802093244529, "rec": 0.45649106302916276}, "dice": 0.8906651905604771, "mse": 0.00941543307687555}, "_timestamp": 1740158620.087841, "_runtime": 10566.959172964096, "_step": 52}